Workbook
Name Slicer_Region: #N/A

Sheet Transactions
A1: Transaction ID | B1: Date | C1: Product ID | D1: Product Name | E1: Category | F1: Quantity Sold | G1: Unit Price | H1: Customer ID | I1: State | J1: Region | K1: Total Sales | L1: Student ID | M1: Unit Price | N1: Blank Count
A2: 1001 | B2: 44204.053 | C2: 14723 | D2: Camping Tent | E2: Sports & Outdoors | F2: 12 | G2: 320.27728 | H2: 125542 | I2: North Dakota | J2: =VLOOKUP(I2, 'State-Regions'!A:B, 2, FALSE) -> Midwest | K2: =G2*F2 -> 3843.3274 | L2: JOSZIM1500 | M2: 320.27728 | N2: =COUNTBLANK(A1:L306) -> 0
A3: 1002 | B3: 44327.721 | C3: 13542 | D3: UNKNOWN | E3: Electronics | F3: 9 | G3: 58.777695 | H3: 106222 | I3: Minnesota | J3: =VLOOKUP(I3, 'State-Regions'!A:B, 2, FALSE) -> Midwest | K3: =G3*F3 -> 528.99925 | L3: JOSZIM1500 | M3: 58.777695
A4: 1003 | B4: 44541.66 | C4: 14097 | D4: Yoga Mat | E4: Sports & Outdoors | F4: 18 | G4: 48.655521 | H4: 124344 | I4: Delaware | J4: =VLOOKUP(I4, 'State-Regions'!A:B, 2, FALSE) -> South | K4: =G4*F4 -> 875.79937 | L4: JOSZIM1500 | M4: 48.655521
A5: 1004 | B5: 44270.69 | C5: 15350 | D5: Fitness Tracker | E5: Electronics | F5: 6 | G5: 147.62746 | H5: 101349 | I5: North Carolina | J5: =VLOOKUP(I5, 'State-Regions'!A:B, 2, FALSE) -> South | K5: =G5*F5 -> 885.76476 | L5: JOSZIM1500 | M5: 147.62746
A6: 1005 | B6: 44208.019 | C6: 10847 | D6: Wall Clock | E6: Sports & Outdoors | F6: 5 | G6: 46.070653 | H6: 192968 | I6: Massachusetts | J6: =VLOOKUP(I6, 'State-Regions'!A:B, 2, FALSE) -> Northeast | K6: =G6*F6 -> 230.35327 | L6: JOSZIM1500 | M6: 46.070653
A7: 1006 | B7: 44226.232 | C7: 19023 | D7: Kitchen Knife Set | E7: Sports & Outdoors | F7: 7 | G7: 435.66014 | H7: 113896 | I7: Kentucky | J7: =VLOOKUP(I7, 'State-Regions'!A:B, 2, FALSE) -> South | K7: =G7*F7 -> 3049.621 | L7: JOSZIM1500 | M7: 435.66014
A8: 1007 | B8: 44361.363 | C8: 16025 | D8: Thermal Flask | E8: Home Furnishing | F8: 5 | G8: 296.26549 | H8: 109358 | I8: Idaho | J8: =VLOOKUP(I8, 'State-Regions'!A:B, 2, FALSE) -> West | K8: =G8*F8 -> 1481.3275 | L8: JOSZIM1500 | M8: 296.26549
A9: 1008 | B9: 44460.148 | C9: 12630 | D9: Blender | E9: Sports & Outdoors | F9: 4 | G9: 224.39792 | H9: 165288 | I9: Mississippi | J9: =VLOOKUP(I9, 'State-Regions'!A:B, 2, FALSE) -> South | K9: =G9*F9 -> 897.59168 | L9: JOSZIM1500 | M9: 224.39792
A10: 1009 | B10: 44343.368 | C10: 18791 | D10: Fitness Tracker | E10: Sports & Outdoors | F10: 1 | G10: 227.93767 | H10: 127368 | I10: Arkansas | J10: =VLOOKUP(I10, 'State-Regions'!A:B, 2, FALSE) -> South | K10: =G10*F10 -> 227.93767 | L10: JOSZIM1500 | M10: 227.93767
A11: 1010 | B11: 44506.335 | C11: 12804 | D11: Bed Sheet Set | E11: Home & Kitchen | F11: 6 | G11: 398.68691 | H11: 171280 | I11: Illinois | J11: =VLOOKUP(I11, 'State-Regions'!A:B, 2, FALSE) -> Midwest | K11: =G11*F11 -> 2392.1215 | L11: JOSZIM1500 | M11: 398.68691
A12: 1011 | B12: 44290.759 | C12: 14203 | D12: Blender | E12: Home & Kitchen | F12: 13 | G12: 344.71229 | H12: 155331 | I12: Indiana | J12: =VLOOKUP(I12, 'State-Regions'!A:B, 2, FALSE) -> Midwest | K12: =G12*F12 -> 4481.2597 | L12: JOSZIM1500 | M12: 344.71229
A13: 1012 | B13: 44316.153 | C13: 19620 | D13: Running Shoes | E13: Home & Kitchen | F13: 11 | G13: 199.69271 | H13: 178997 | I13: Alaska | J13: =VLOOKUP(I13, 'State-Regions'!A:B, 2, FALSE) -> West | K13: =G13*F13 -> 2196.6198 | L13: JOSZIM1500 | M13: 199.69271
A14: 1013 | B14: 44420.752 | C14: 12024 | D14: Coffee Maker | E14: Home Furnishing | F14: 7 | G14: 364.39779 | H14: 163107 | I14: Vermont | J14: =VLOOKUP(I14, 'State-Regions'!A:B, 2, FALSE) -> Northeast | K14: =G14*F14 -> 2550.7845 | L14: JOSZIM1500 | M14: 364.39779
... A22: 1021 | B22: 44546.925 | C22: 12546 | D22: Wall Clock | E22: Sports & Outdoors | F22: 13 | G22: 406.19936 | H22: 193743 | I22: South Carolina | J22: =VLOOKUP(I22, 'State-Regions'!A:B, 2, FALSE) -> South | K22: =G22*F22 -> 5280.5917 | L22: JOSZIM1500 | M22: 406.19936
A23: 1022 | B23: 44548.304 | C23: 16390 | D23: Waterproof Backpack | E23: Sports & Outdoors | F23: 4 | G23: =AVERAGE(M:M) -> 262.936 | H23: 132352 | I23: Virginia | J23: =VLOOKUP(I23, 'State-Regions'!A:B, 2, FALSE) -> South | K23: =G23*F23 -> 1051.744 | L23: JOSZIM1500
A24: 1023 | B24: 44327.529 | C24: 19579 | D24: Non-stick Pan | E24: Home & Kitchen | F24: 17 | G24: 39.729112 | H24: 195024 | I24: Oregon | J24: =VLOOKUP(I24, 'State-Regions'!A:B, 2, FALSE) -> West | K24: =G24*F24 -> 675.3949 | L24: JOSZIM1500 | M24: 39.729112
A25: 1024 | B25: 44270.633 | C25: 13310 | D25: Coffee Maker | E25: Home & Kitchen | F25: 1 | G25: 125.99245 | H25: 165464 | I25: Georgia | J25: =VLOOKUP(I25, 'State-Regions'!A:B, 2, FALSE) -> South | K25: =G25*F25 -> 125.99245 | L25: JOSZIM1500 | M25: 125.99245
A26: 1025 | B26: 44335.883 | C26: 18981 | D26: Bluetooth Headphones | E26: Electronics | F26: 11 | G26: 312.97293 | H26: 156199 | I26: Rhode Island | J26: =VLOOKUP(I26, 'State-Regions'!A:B, 2, FALSE) -> Northeast | K26: =G26*F26 -> 3442.7023 | L26: JOSZIM1500 | M26: 312.97293
A27: 1026 | B27: 44319.026 | C27: 12167 | D27: Microwave Oven | E27: Electronics | F27: 2 | G27: 380.06513 | H27: 148535 | I27: Mississippi | J27: =VLOOKUP(I27, 'State-Regions'!A:B, 2, FALSE) -> South | K27: =G27*F27 -> 760.13026 | L27: JOSZIM1500 | M27: 380.06513
A28: 1027 | B28: 44519.385 | C28: 16649 | D28: Ergonomic Chair | E28: Home & Kitchen | F28: 8 | G28: 225.38125 | H28: 147646 | I28: Ohio | J28: =VLOOKUP(I28, 'State-Regions'!A:B, 2, FALSE) -> Midwest | K28: =G28*F28 -> 1803.05 | L28: JOSZIM1500 | M28: 225.38125
A29: 1028 | B29: 44502.323 | C29: 10652 | D29: Smart Watch | E29: Sports & Outdoors | F29: 16 | G29: 482.6501 | H29: 138257 | I29: Virginia | J29: =VLOOKUP(I29, 'State-Regions'!A:B, 2, FALSE) -> South | K29: =G29*F29 -> 7722.4016 | L29: JOSZIM1500 | M29: 482.6501
A30: 1029 | B30: 44287.754 | C30: 11739 | D30: UNKNOWN | E30: Sports & Outdoors | F30: 18 | G30: 486.18206 | H30: 178221 | I30: Wyoming | J30: =VLOOKUP(I30, 'State-Regions'!A:B, 2, FALSE) -> West | K30: =G30*F30 -> 8751.2772 | L30: JOSZIM1500 | M30: 486.18206
A31: 1030 | B31: 44556.019 | C31: 13369 | D31: UNKNOWN | E31: Home Furnishing | F31: 10 | G31: 465.80612 | H31: 136530 | I31: South Dakota | J31: =VLOOKUP(I31, 'State-Regions'!A:B, 2, FALSE) -> Midwest | K31: =G31*F31 -> 4658.0612 | L31: JOSZIM1500 | M31: 465.80612
A32: 1031 | B32: 44287.367 | C32: 19165 | D32: Coffee Maker | E32: Electronics | F32: 9 | G32: 262.6261 | H32: 114065 | I32: Connecticut | J32: =VLOOKUP(I32, 'State-Regions'!A:B, 2, FALSE) -> Northeast | K32: =G32*F32 -> 2363.6349 | L32: JOSZIM1500 | M32: 262.6261
A33: 1032 | B33: 44198.573 | C33: 12599 | D33: Running Shoes | E33: Electronics | F33: 8 | G33: 49.300465 | H33: 147619 | I33: Montana | J33: =VLOOKUP(I33, 'State-Regions'!A:B, 2, FALSE) -> West | K33: =G33*F33 -> 394.40372 | L33: JOSZIM1500 | M33: 49.300465
A34: 1033 | B34: 44511.767 | C34: 13157 | D34: Smart Watch | E34: Electronics | F34: 4 | G34: 270.42648 | H34: 106340 | I34: Maryland | J34: =VLOOKUP(I34, 'State-Regions'!A:B, 2, FALSE) -> South | K34: =G34*F34 -> 1081.7059 | L34: JOSZIM1500 | M34: 270.42648
A35: 1034 | B35: 44311.099 | C35: 16713 | D35: Ergonomic Chair | E35: Home & Kitchen | F35: 19 | G35: 227.9346 | H35: 136505 | I35: Missouri | J35: =VLOOKUP(I35, 'State-Regions'!A:B, 2, FALSE) -> Midwest | K35: =G35*F35 -> 4330.7573 | L35: JOSZIM1500 | M35: 227.9346
... A47: 1046 | B47: 44314.956 | C47: 13032 | D47: Wall Clock | E47: Sports & Outdoors | F47: 17 | G47: 329.98245 | H47: 136278 | I47: Illinois | J47: =VLOOKUP(I47, 'State-Regions'!A:B, 2, FALSE) -> Midwest | K47: =G47*F47 -> 5609.7016 | L47: JOSZIM1500 | M47: 329.98245
A48: 1047 | B48: 44356.474 | C48: 18353 | D48: non-stick pan | E48: Home Furnishing | F48: 16 | G48: =AVERAGE(M:M) -> 262.936 | H48: 116117 | I48: Louisiana | J48: =VLOOKUP(I48, 'State-Regions'!A:B, 2, FALSE) -> South | K48: =G48*F48 -> 4206.9759 | L48: JOSZIM1500
A49: 1048 | B49: 44417.162 | C49: 16639 | D49: UNKNOWN | E49: Electronics | F49: 11 | G49: 357.87867 | H49: 119419 | I49: North Dakota | J49: =VLOOKUP(I49, 'State-Regions'!A:B, 2, FALSE) -> Midwest | K49: =G49*F49 -> 3936.6654 | L49: JOSZIM1500 | M49: 357.87867
A50: 1049 | B50: 44362.038 | C50: 13484 | D50: Waterproof Backpack | E50: Home Furnishing | F50: 6 | G50: 114.2794 | H50: 150804 | I50: Illinois | J50: =VLOOKUP(I50, 'State-Regions'!A:B, 2, FALSE) -> Midwest | K50: =G50*F50 -> 685.67639 | L50: JOSZIM1500 | M50: 114.2794
A51: 1050 | B51: 44488.784 | C51: 10931 | D51: Blender | E51: Home Furnishing | F51: 3 | G51: 51.909427 | H51: 172015 | I51: New Jersey | J51: =VLOOKUP(I51, 'State-Regions'!A:B, 2, FALSE) -> Northeast | K51: =G51*F51 -> 155.72828 | L51: JOSZIM1500 | M51: 51.909427
A52: 1051 | B52: 44457.686 | C52: 14515 | D52: Microwave Oven | E52: Sports & Outdoors | F52: 15 | G52: 391.66327 | H52: 192075 | I52: Missouri | J52: =VLOOKUP(I52, 'State-Regions'!A:B, 2, FALSE) -> Midwest | K52: =G52*F52 -> 5874.949 | L52: JOSZIM1500 | M52: 391.66327
A53: 1052 | B53: 44426.515 | C53: 12250 | D53: Portable Charger | E53: Home Furnishing | F53: 6 | G53: 72.887978 | H53: 119058 | I53: Arizona | J53: =VLOOKUP(I53, 'State-Regions'!A:B, 2, FALSE) -> West | K53: =G53*F53 -> 437.32787 | L53: JOSZIM1500 | M53: 72.887978
A54: 1053 | B54: 44372.183 | C54: 12034 | D54: Microwave Oven | E54: Sports & Outdoors | F54: 1 | G54: 346.45468 | H54: 191384 | I54: Connecticut | J54: =VLOOKUP(I54, 'State-Regions'!A:B, 2, FALSE) -> Northeast | K54: =G54*F54 -> 346.45468 | L54: JOSZIM1500 | M54: 346.45468
A55: 1054 | B55: 44544.401 | C55: 16168 | D55: Running Shoes | E55: Sports & Outdoors | F55: 6 | G55: 439.27828 | H55: 175179 | I55: Hawaii | J55: =VLOOKUP(I55, 'State-Regions'!A:B, 2, FALSE) -> West | K55: =G55*F55 -> 2635.6697 | L55: JOSZIM1500 | M55: 439.27828
A56: 1055 | B56: 44273.197 | C56: 15282 | D56: Microwave Oven | E56: Home & Kitchen | F56: 4 | G56: 428.56881 | H56: 112073 | I56: New Hampshire | J56: =VLOOKUP(I56, 'State-Regions'!A:B, 2, FALSE) -> Northeast | K56: =G56*F56 -> 1714.2753 | L56: JOSZIM1500 | M56: 428.56881
A57: 1056 | B57: 44317.622 | C57: 14791 | D57: blender | E57: Sports & Outdoors | F57: 11 | G57: 99.506136 | H57: 153662 | I57: Washington | J57: =VLOOKUP(I57, 'State-Regions'!A:B, 2, FALSE) -> West | K57: =G57*F57 -> 1094.5675 | L57: JOSZIM1500 | M57: 99.506136
A58: 1057 | B58: 44514.626 | C58: 11873 | D58: Ergonomic Chair | E58: Electronics | F58: 15 | G58: 463.75542 | H58: 128346 | I58: Florida | J58: =VLOOKUP(I58, 'State-Regions'!A:B, 2, FALSE) -> South | K58: =G58*F58 -> 6956.3313 | L58: JOSZIM1500 | M58: 463.75542
A59: 1058 | B59: 44410.301 | C59: 17932 | D59: Yoga Mat | E59: Sports & Outdoors | F59: 6 | G59: 411.87301 | H59: 158069 | I59: Ohio | J59: =VLOOKUP(I59, 'State-Regions'!A:B, 2, FALSE) -> Midwest | K59: =G59*F59 -> 2471.2381 | L59: JOSZIM1500 | M59: 411.87301
A60: 1059 | B60: 44403.908 | C60: 12334 | D60: thermal flask | E60: Sports & Outdoors | F60: 4 | G60: 168.34415 | H60: 134117 | I60: Alaska | J60: =VLOOKUP(I60, 'State-Regions'!A:B, 2, FALSE) -> West | K60: =G60*F60 -> 673.37661 | L60: JOSZIM1500 | M60: 168.34415
... A67: 1066 | B67: 44482.749 | C67: 16491 | D67: Blender | E67: Home & Kitchen | F67: 9 | G67: 419.08694 | H67: 122041 | I67: North Dakota | J67: =VLOOKUP(I67, 'State-Regions'!A:B, 2, FALSE) -> Midwest | K67: =G67*F67 -> 3771.7825 | L67: JOSZIM1500 | M67: 419.08694
A68: 1067 | B68: 44251.918 | C68: 18479 | D68: Wall Clock | E68: Home Furnishing | F68: 5 | G68: =AVERAGE(M:M) -> 262.936 | H68: 113830 | I68: Missouri | J68: =VLOOKUP(I68, 'State-Regions'!A:B, 2, FALSE) -> Midwest | K68: =G68*F68 -> 1314.68 | L68: JOSZIM1500
A69: 1068 | B69: 44454.259 | C69: 16754 | D69: Fitness Tracker | E69: Sports & Outdoors | F69: 11 | G69: 288.05684 | H69: 141765 | I69: Michigan | J69: =VLOOKUP(I69, 'State-Regions'!A:B, 2, FALSE) -> Midwest | K69: =G69*F69 -> 3168.6253 | L69: JOSZIM1500 | M69: 288.05684
A70: 1069 | B70: 44498.798 | C70: 17751 | D70: Cotton Towels | E70: Sports & Outdoors | F70: 17 | G70: 392.25481 | H70: 107082 | I70: Hawaii | J70: =VLOOKUP(I70, 'State-Regions'!A:B, 2, FALSE) -> West | K70: =G70*F70 -> 6668.3317 | L70: JOSZIM1500 | M70: 392.25481
A71: 1070 | B71: 44401.101 | C71: 17576 | D71: Non-stick Pan | E71: Home Furnishing | F71: 17 | G71: 49.893232 | H71: 178577 | I71: Montana | J71: =VLOOKUP(I71, 'State-Regions'!A:B, 2, FALSE) -> West | K71: =G71*F71 -> 848.18494 | L71: JOSZIM1500 | M71: 49.893232
A72: 1071 | B72: 44306.062 | C72: 12903 | D72: Cotton Towels | E72: Home & Kitchen | F72: 12 | G72: 295.80815 | H72: 103888 | I72: South Carolina | J72: =VLOOKUP(I72, 'State-Regions'!A:B, 2, FALSE) -> South | K72: =G72*F72 -> 3549.6978 | L72: JOSZIM1500 | M72: 295.80815
A73: 1007 | B73: 44361.363 | C73: 16025 | D73: Thermal Flask | E73: Home Furnishing | F73: 5 | G73: 296.26549 | H73: 109358 | I73: Idaho | J73: =VLOOKUP(I73, 'State-Regions'!A:B, 2, FALSE) -> West | K73: =G73*F73 -> 1481.3275 | L73: JOSZIM1500 | M73: 296.26549
A74: 1072 | B74: 44208.016 | C74: 15250 | D74: Thermal Flask | E74: Electronics | F74: 10 | G74: 143.79363 | H74: 171094 | I74: Arizona | J74: =VLOOKUP(I74, 'State-Regions'!A:B, 2, FALSE) -> West | K74: =G74*F74 -> 1437.9363 | L74: JOSZIM1500 | M74: 143.79363
A75: 1073 | B75: 44407.427 | C75: 10805 | D75: Non-stick Pan | E75: Home Furnishing | F75: 19 | G75: 401.76404 | H75: 170578 | I75: New Hampshire | J75: =VLOOKUP(I75, 'State-Regions'!A:B, 2, FALSE) -> Northeast | K75: =G75*F75 -> 7633.5168 | L75: JOSZIM1500 | M75: 401.76404
A76: 1074 | B76: 44234.997 | C76: 11856 | D76: Thermal Flask | E76: Home & Kitchen | F76: 15 | G76: 387.75265 | H76: 100095 | I76: Vermont | J76: =VLOOKUP(I76, 'State-Regions'!A:B, 2, FALSE) -> Northeast | K76: =G76*F76 -> 5816.2898 | L76: JOSZIM1500 | M76: 387.75265
A77: 1075 | B77: 44365.646 | C77: 16546 | D77: Wireless Mouse | E77: Sports & Outdoors | F77: 10 | G77: 134.0477 | H77: 116070 | I77: Nebraska | J77: =VLOOKUP(I77, 'State-Regions'!A:B, 2, FALSE) -> Midwest | K77: =G77*F77 -> 1340.477 | L77: JOSZIM1500 | M77: 134.0477
A78: 1076 | B78: 44469.329 | C78: 19800 | D78: Kitchen Knife Set | E78: Home & Kitchen | F78: 10 | G78: 250.78447 | H78: 122893 | I78: New Mexico | J78: =VLOOKUP(I78, 'State-Regions'!A:B, 2, FALSE) -> West | K78: =G78*F78 -> 2507.8447 | L78: JOSZIM1500 | M78: 250.78447
A79: 1077 | B79: 44305.774 | C79: 18070 | D79: Coffee Maker | E79: Sports & Outdoors | F79: 4 | G79: 473.41205 | H79: 165288 | I79: Kentucky | J79: =VLOOKUP(I79, 'State-Regions'!A:B, 2, FALSE) -> South | K79: =G79*F79 -> 1893.6482 | L79: JOSZIM1500 | M79: 473.41205
A80: 1078 | B80: 44525.789 | C80: 14726 | D80: Running Shoes | E80: Home Furnishing | F80: 11 | G80: 11.134002 | H80: 117533 | I80: Connecticut | J80: =VLOOKUP(I80, 'State-Regions'!A:B, 2, FALSE) -> Northeast | K80: =G80*F80 -> 122.47402 | L80: JOSZIM1500 | M80: 11.134002
... A93: 1091 | B93: 44461.846 | C93: 11027 | D93: Yoga Mat | E93: Home Furnishing | F93: 11 | G93: 368.23799 | H93: 107712 | I93: New Jersey | J93: =VLOOKUP(I93, 'State-Regions'!A:B, 2, FALSE) -> Northeast | K93: =G93*F93 -> 4050.6178 | L93: JOSZIM1500 | M93: 368.23799
A94: 1092 | B94: 44248.957 | C94: 12934 | D94: Wireless Mouse | E94: Home Furnishing | F94: 10 | G94: =AVERAGE(M:M) -> 262.936 | H94: 123380 | I94: Michigan | J94: =VLOOKUP(I94, 'State-Regions'!A:B, 2, FALSE) -> Midwest | K94: =G94*F94 -> 2629.36 | L94: JOSZIM1500
A95: 1093 | B95: 44413.561 | C95: 17120 | D95: Bed Sheet Set | E95: Electronics | F95: 13 | G95: 118.29038 | H95: 119621 | I95: Iowa | J95: =VLOOKUP(I95, 'State-Regions'!A:B, 2, FALSE) -> Midwest | K95: =G95*F95 -> 1537.775 | L95: JOSZIM1500 | M95: 118.29038
A96: 1094 | B96: 44513.984 | C96: 18533 | D96: LED Desk Lamp | E96: Home & Kitchen | F96: 19 | G96: 138.38709 | H96: 188565 | I96: Minnesota | J96: =VLOOKUP(I96, 'State-Regions'!A:B, 2, FALSE) -> Midwest | K96: =G96*F96 -> 2629.3547 | L96: JOSZIM1500 | M96: 138.38709
A97: 1095 | B97: 44384.553 | C97: 12015 | D97: Microwave Oven | E97: Sports & Outdoors | F97: 13 | G97: 331.0335 | H97: 113889 | I97: New York | J97: =VLOOKUP(I97, 'State-Regions'!A:B, 2, FALSE) -> Northeast | K97: =G97*F97 -> 4303.4355 | L97: JOSZIM1500 | M97: 331.0335
A98: 1096 | B98: 44415.968 | C98: 19240 | D98: Portable Charger | E98: Home & Kitchen | F98: 7 | G98: 111.41929 | H98: 163230 | I98: Nebraska | J98: =VLOOKUP(I98, 'State-Regions'!A:B, 2, FALSE) -> Midwest | K98: =G98*F98 -> 779.93506 | L98: JOSZIM1500 | M98: 111.41929
A99: 1097 | B99: 44389.983 | C99: 15311 | D99: LED Desk Lamp | E99: Home & Kitchen | F99: 10 | G99: 182.95643 | H99: 146246 | I99: Massachusetts | J99: =VLOOKUP(I99, 'State-Regions'!A:B, 2, FALSE) -> Northeast | K99: =G99*F99 -> 1829.5643 | L99: JOSZIM1500 | M99: 182.95643
A100: 1098 | B100: 44305.097 | C100: 14601 | D100: Wireless Mouse | E100: Sports & Outdoors | F100: 14 | G100: 332.07069 | H100: 147117 | I100: Louisiana | J100: =VLOOKUP(I100, 'State-Regions'!A:B, 2, FALSE) -> South | K100: =G100*F100 -> 4648.9897 | L100: JOSZIM1500 | M100: 332.07069
A101: 1099 | B101: 44394.998 | C101: 17803 | D101: Camping Tent | E101: Home Furnishing | F101: 15 | G101: 98.799161 | H101: 188534 | I101: New Hampshire | J101: =VLOOKUP(I101, 'State-Regions'!A:B, 2, FALSE) -> Northeast | K101: =G101*F101 -> 1481.9874 | L101: JOSZIM1500 | M101: 98.799161
A102: 1100 | B102: 44460.726 | C102: 18584 | D102: Running Shoes | E102: Home & Kitchen | F102: 6 | G102: 241.51071 | H102: 189975 | I102: Oregon | J102: =VLOOKUP(I102, 'State-Regions'!A:B, 2, FALSE) -> West | K102: =G102*F102 -> 1449.0643 | L102: JOSZIM1500 | M102: 241.51071
A103: 1101 | B103: 44357.551 | C103: 19041 | D103: Wireless Mouse | E103: Electronics | F103: 14 | G103: 351.63327 | H103: 137701 | I103: Maryland | J103: =VLOOKUP(I103, 'State-Regions'!A:B, 2, FALSE) -> South | K103: =G103*F103 -> 4922.8658 | L103: JOSZIM1500 | M103: 351.63327
A104: 1102 | B104: 44211.806 | C104: 19254 | D104: Bed Sheet Set | E104: Home & Kitchen | F104: 18 | G104: 203.42486 | H104: 164993 | I104: Idaho | J104: =VLOOKUP(I104, 'State-Regions'!A:B, 2, FALSE) -> West | K104: =G104*F104 -> 3661.6475 | L104: JOSZIM1500 | M104: 203.42486
A105: 1103 | B105: 44278.755 | C105: 17932 | D105: Microwave Oven | E105: Sports & Outdoors | F105: 12 | G105: 79.688306 | H105: 171337 | I105: Kansas | J105: =VLOOKUP(I105, 'State-Regions'!A:B, 2, FALSE) -> Midwest | K105: =G105*F105 -> 956.25967 | L105: JOSZIM1500 | M105: 79.688306
A106: 1104 | B106: 44385.218 | C106: 11699 | D106: Bed Sheet Set | E106: Home Furnishing | F106: 2 | G106: 451.77369 | H106: 162213 | I106: Louisiana | J106: =VLOOKUP(I106, 'State-Regions'!A:B, 2, FALSE) -> South | K106: =G106*F106 -> 903.54738 | L106: JOSZIM1500 | M106: 451.77369
... A150: 1148 | B150: 44259.078 | C150: 18469 | D150: Wall Clock | E150: Home Furnishing | F150: 1 | G150: 24.465268 | H150: 119405 | I150: Pennsylvania | J150: =VLOOKUP(I150, 'State-Regions'!A:B, 2, FALSE) -> Northeast | K150: =G150*F150 -> 24.465268 | L150: JOSZIM1500 | M150: 24.465268
A151: 1149 | B151: 44514.892 | C151: 14275 | D151: Non-stick Pan | E151: Sports & Outdoors | F151: 13 | G151: =AVERAGE(M:M) -> 262.936 | H151: 150168 | I151: Vermont | J151: =VLOOKUP(I151, 'State-Regions'!A:B, 2, FALSE) -> Northeast | K151: =G151*F151 -> 3418.1679 | L151: JOSZIM1500
A152: 1063 | B152: 44244.319 | C152: 19344 | D152: UNKNOWN | E152: Home & Kitchen | F152: 1 | G152: 259.75504 | H152: 108754 | I152: Connecticut | J152: =VLOOKUP(I152, 'State-Regions'!A:B, 2, FALSE) -> Northeast | K152: =G152*F152 -> 259.75504 | L152: JOSZIM1500 | M152: 259.75504
A153: 1150 | B153: 44397.426 | C153: 15836 | D153: Kitchen Knife Set | E153: Home Furnishing | F153: 11 | G153: 57.133927 | H153: 150557 | I153: Colorado | J153: =VLOOKUP(I153, 'State-Regions'!A:B, 2, FALSE) -> West | K153: =G153*F153 -> 628.4732 | L153: JOSZIM1500 | M153: 57.133927
A154: 1151 | B154: 44307.161 | C154: 11761 | D154: Wireless Mouse | E154: Sports & Outdoors | F154: 11 | G154: 312.40035 | H154: 193912 | I154: Tennessee | J154: =VLOOKUP(I154, 'State-Regions'!A:B, 2, FALSE) -> South | K154: =G154*F154 -> 3436.4039 | L154: JOSZIM1500 | M154: 312.40035
A155: 1152 | B155: 44349.46 | C155: 16134 | D155: Wireless Mouse | E155: Electronics | F155: 5 | G155: 493.9732 | H155: 106921 | I155: Indiana | J155: =VLOOKUP(I155, 'State-Regions'!A:B, 2, FALSE) -> Midwest | K155: =G155*F155 -> 2469.866 | L155: JOSZIM1500 | M155: 493.9732
A156: 1153 | B156: 44258.882 | C156: 17945 | D156: Wireless Mouse | E156: Sports & Outdoors | F156: 6 | G156: 492.29347 | H156: 122516 | I156: Illinois | J156: =VLOOKUP(I156, 'State-Regions'!A:B, 2, FALSE) -> Midwest | K156: =G156*F156 -> 2953.7608 | L156: JOSZIM1500 | M156: 492.29347
A157: 1154 | B157: 44438.555 | C157: 18421 | D157: Ergonomic Chair | E157: Home Furnishing | F157: 5 | G157: 365.0712 | H157: 158837 | I157: Iowa | J157: =VLOOKUP(I157, 'State-Regions'!A:B, 2, FALSE) -> Midwest | K157: =G157*F157 -> 1825.356 | L157: JOSZIM1500 | M157: 365.0712
A158: 1155 | B158: 44494.6 | C158: 13167 | D158: Blender | E158: Home & Kitchen | F158: 19 | G158: 334.70398 | H158: 183612 | I158: Oklahoma | J158: =VLOOKUP(I158, 'State-Regions'!A:B, 2, FALSE) -> South | K158: =G158*F158 -> 6359.3755 | L158: JOSZIM1500 | M158: 334.70398
A159: 1156 | B159: 44474.765 | C159: 14101 | D159: Microwave Oven | E159: Sports & Outdoors | F159: 9 | G159: 116.96718 | H159: 163311 | I159: Washington | J159: =VLOOKUP(I159, 'State-Regions'!A:B, 2, FALSE) -> West | K159: =G159*F159 -> 1052.7046 | L159: JOSZIM1500 | M159: 116.96718
A160: 1157 | B160: 44559.828 | C160: 11115 | D160: Blender | E160: Electronics | F160: 2 | G160: 356.93456 | H160: 187404 | I160: Alabama | J160: =VLOOKUP(I160, 'State-Regions'!A:B, 2, FALSE) -> South | K160: =G160*F160 -> 713.86911 | L160: JOSZIM1500 | M160: 356.93456
A161: 1158 | B161: 44478.331 | C161: 12150 | D161: Microwave Oven | E161: Sports & Outdoors | F161: 3 | G161: 398.30082 | H161: 119807 | I161: Hawaii | J161: =VLOOKUP(I161, 'State-Regions'!A:B, 2, FALSE) -> West | K161: =G161*F161 -> 1194.9025 | L161: JOSZIM1500 | M161: 398.30082
A162: 1159 | B162: 44332.435 | C162: 16581 | D162: Wall Clock | E162: Electronics | F162: 16 | G162: 249.27135 | H162: 105164 | I162: North Dakota | J162: =VLOOKUP(I162, 'State-Regions'!A:B, 2, FALSE) -> Midwest | K162: =G162*F162 -> 3988.3415 | L162: JOSZIM1500 | M162: 249.27135
A163: 1160 | B163: 44240.875 | C163: 18014 | D163: Wall Clock | E163: Home Furnishing | F163: 11 | G163: 404.30451 | H163: 109015 | I163: Nevada | J163: =VLOOKUP(I163, 'State-Regions'!A:B, 2, FALSE) -> West | K163: =G163*F163 -> 4447.3496 | L163: JOSZIM1500 | M163: 404.30451
... A219: 1216 | B219: 44554.621 | C219: 17386 | D219: Blender | E219: Home Furnishing | F219: 10 | G219: 264.3142 | H219: 106690 | I219: Colorado | J219: =VLOOKUP(I219, 'State-Regions'!A:B, 2, FALSE) -> West | K219: =G219*F219 -> 2643.142 | L219: JOSZIM1500 | M219: 264.3142
A220: 1217 | B220: 44468.943 | C220: 13545 | D220: Running Shoes | E220: Home Furnishing | F220: 10 | G220: =AVERAGE(M:M) -> 262.936 | H220: 111571 | I220: North Dakota | J220: =VLOOKUP(I220, 'State-Regions'!A:B, 2, FALSE) -> Midwest | K220: =G220*F220 -> 2629.36 | L220: JOSZIM1500
A221: 1218 | B221: 44403.101 | C221: 19063 | D221: Kitchen Knife Set | E221: Electronics | F221: 19 | G221: 489.51998 | H221: 112638 | I221: Missouri | J221: =VLOOKUP(I221, 'State-Regions'!A:B, 2, FALSE) -> Midwest | K221: =G221*F221 -> 9300.8797 | L221: JOSZIM1500 | M221: 489.51998
A222: 1219 | B222: 44330.217 | C222: 14856 | D222: Microwave Oven | E222: Home & Kitchen | F222: 7 | G222: 312.34298 | H222: 165706 | I222: South Carolina | J222: =VLOOKUP(I222, 'State-Regions'!A:B, 2, FALSE) -> South | K222: =G222*F222 -> 2186.4008 | L222: JOSZIM1500 | M222: 312.34298
A223: 1220 | B223: 44261.826 | C223: 15998 | D223: Non-stick Pan | E223: Home & Kitchen | F223: 13 | G223: 250.74217 | H223: 147622 | I223: Tennessee | J223: =VLOOKUP(I223, 'State-Regions'!A:B, 2, FALSE) -> South | K223: =G223*F223 -> 3259.6482 | L223: JOSZIM1500 | M223: 250.74217
A224: 1221 | B224: 44248.094 | C224: 11004 | D224: Wireless Mouse | E224: Home Furnishing | F224: 12 | G224: 303.2589 | H224: 180028 | I224: Florida | J224: =VLOOKUP(I224, 'State-Regions'!A:B, 2, FALSE) -> South | K224: =G224*F224 -> 3639.1068 | L224: JOSZIM1500 | M224: 303.2589
A225: 1222 | B225: 44302.346 | C225: 15825 | D225: Non-stick Pan | E225: Home & Kitchen | F225: 1 | G225: 385.96318 | H225: 131564 | I225: Oklahoma | J225: =VLOOKUP(I225, 'State-Regions'!A:B, 2, FALSE) -> South | K225: =G225*F225 -> 385.96318 | L225: JOSZIM1500 | M225: 385.96318
A226: 1223 | B226: 44560.861 | C226: 17091 | D226: Ergonomic Chair | E226: Home Furnishing | F226: 18 | G226: 131.6984 | H226: 192080 | I226: Washington | J226: =VLOOKUP(I226, 'State-Regions'!A:B, 2, FALSE) -> West | K226: =G226*F226 -> 2370.5712 | L226: JOSZIM1500 | M226: 131.6984
A227: 1224 | B227: 44400.961 | C227: 13901 | D227: coffee maker | E227: Home Furnishing | F227: 14 | G227: 376.9048 | H227: 180306 | I227: Maryland | J227: =VLOOKUP(I227, 'State-Regions'!A:B, 2, FALSE) -> South | K227: =G227*F227 -> 5276.6673 | L227: JOSZIM1500 | M227: 376.9048
A228: 1225 | B228: 44510.114 | C228: 16839 | D228: Coffee Maker | E228: Electronics | F228: 18 | G228: 227.01026 | H228: 117599 | I228: Arkansas | J228: =VLOOKUP(I228, 'State-Regions'!A:B, 2, FALSE) -> South | K228: =G228*F228 -> 4086.1846 | L228: JOSZIM1500 | M228: 227.01026
A229: 1226 | B229: 44483.62 | C229: 15718 | D229: Bluetooth Headphones | E229: Sports & Outdoors | F229: 1 | G229: =AVERAGE(M:M) -> 262.936 | H229: 150507 | I229: Massachusetts | J229: =VLOOKUP(I229, 'State-Regions'!A:B, 2, FALSE) -> Northeast | K229: =G229*F229 -> 262.936 | L229: JOSZIM1500
A230: 1227 | B230: 44227.461 | C230: 13791 | D230: Running Shoes | E230: Home & Kitchen | F230: 6 | G230: 74.518829 | H230: 194954 | I230: Massachusetts | J230: =VLOOKUP(I230, 'State-Regions'!A:B, 2, FALSE) -> Northeast | K230: =G230*F230 -> 447.11298 | L230: JOSZIM1500 | M230: 74.518829
A231: 1228 | B231: 44473.605 | C231: 12247 | D231: running shoes | E231: Sports & Outdoors | F231: 19 | G231: 315.99918 | H231: 179540 | I231: California | J231: =VLOOKUP(I231, 'State-Regions'!A:B, 2, FALSE) -> West | K231: =G231*F231 -> 6003.9844 | L231: JOSZIM1500 | M231: 315.99918
A232: 1229 | B232: 44386.963 | C232: 13964 | D232: Microwave Oven | E232: Electronics | F232: 1 | G232: 121.17024 | H232: 109589 | I232: Alaska | J232: =VLOOKUP(I232, 'State-Regions'!A:B, 2, FALSE) -> West | K232: =G232*F232 -> 121.17024 | L232: JOSZIM1500 | M232: 121.17024
A233: 1230 | B233: 44419.179 | C233: 17910 | D233: LED Desk Lamp | E233: Sports & Outdoors | F233: 11 | G233: 459.42434 | H233: 113388 | I233: Wyoming | J233: =VLOOKUP(I233, 'State-Regions'!A:B, 2, FALSE) -> West | K233: =G233*F233 -> 5053.6678 | L233: JOSZIM1500 | M233: 459.42434
A234: 1231 | B234: 44494.184 | C234: 19915 | D234: Cotton Towels | E234: Home & Kitchen | F234: 15 | G234: 386.20237 | H234: 181647 | I234: Missouri | J234: =VLOOKUP(I234, 'State-Regions'!A:B, 2, FALSE) -> Midwest | K234: =G234*F234 -> 5793.0355 | L234: JOSZIM1500 | M234: 386.20237
...

Sheet State-Regions
A1: State | B1: Region
A2: Connecticut | B2: Northeast
A3: Maine | B3: Northeast
A4: Massachusetts | B4: Northeast
A5: New Hampshire | B5: Northeast
A6: New Jersey | B6: Northeast
A7: New York | B7: Northeast
A8: Pennsylvania | B8: Northeast
A9: Rhode Island | B9: Northeast
A10: Vermont | B10: Northeast
A11: Illinois | B11: Midwest
A12: Indiana | B12: Midwest
... A51: Wyoming | B51: West

Sheet Excel-Functions
A1: SUMIFS
A2: Product Name | B2: Region | C2: Total Sales | D2: StudentID
A3: Wireless Mouse | B3: Midwest | C3: =SUMIFS(Transactions!K:K, Transactions!D:D, A3, Transactions!J:J,B3) -> 21560.978 | D3: JOSZIM1500
A5: COUNTIFS
A6: High Value Sale | B6: Region | C6: Count | D6: StudentID
A7: 3000 | B7: Midwest | C7: =COUNTIFS(Transactions!K:K, ">"&A7, Transactions!J:J, B7) -> 29 | D7: JOSZIM1500
A9: AVERAGEIFS
A10: Product Name | B10: Region | C10: Average Sales | D10: StudentID
A11: Thermal Flask | B11: West | C11: =AVERAGEIFS(Transactions!K:K, Transactions!D:D, A11,Transactions!J:J, B11) -> 2192.6915 | D11: JOSZIM1500

Sheet PivotTables
A1: Sum of Total Sales | B1: Column Labels
A2: Row Labels | B2: Midwest | C2: Northeast | D2: South | E2: West | F2: Grand Total
A3: Electronics | B3: 48639.245 | C3: 36473.43 | D3: 37267.108 | E3: 43156.037 | F3: 165535.82
A4: Home & Kitchen | B4: 56082.15 | C4: 20854.722 | D4: 46297.369 | E4: 43672.997 | F4: 166907.24
A5: Home Furnishing | B5: 54876.708 | C5: 39041.618 | D5: 79348.338 | E5: 46355.244 | F5: 219621.91
A6: Sports & Outdoors | B6: 53232.958 | C6: 22010.288 | D6: 64097.926 | E6: 79041.437 | F6: 218382.61
A7: Grand Total | B7: 212831.06 | C7: 118380.06 | D7: 227010.74 | E7: 212225.71 | F7: 770447.57
B17: Row Labels | C17: Sum of Total Sales
B18: Bed Sheet Set | C18: 34812.943
B19: Blender | C19: 63848.046
B20: Bluetooth Headphones | C20: 21909.154
B21: Camping Tent | C21: 28623.175
B22: Coffee Maker | C22: 38962.106
B23: Cotton Towels | C23: 29700.49
B24: Ergonomic Chair | C24: 28848.095
B25: Fitness Tracker | C25: 26200.519
B26: Kitchen Knife Set | C26: 51754.345
B27: LED Desk Lamp | C27: 24490.027
B28: Microwave Oven | C28: 41147.063
B29: Non-stick Pan | C29: 37848.97
... B38: Grand Total | C38: 738982.67
